Accuracy,Balanced Acc,Recall_Keep,Recall_Loss,Recall_Shot,Goal AUC
0.4755701534636011,0.6032048014244937,0.38612050917378515,0.6728402553583999,0.7506536397412963,0.6283673162886305
0.5295081865810586,0.6129333726546778,0.4900046818547212,0.5992426633007257,0.7495527728085868,0.6328803143667485
0.538625693555271,0.6185878851662379,0.5071243694955081,0.5856008932689274,0.7630383927342782,0.6267748939003972
0.28813548838043634,0.33634280337547545,0.24294409158767877,0.39825715464718303,0.3678271638915646,0.5050615472593996
