Accuracy,Balanced Acc,Recall_Keep,Recall_Loss,Recall_Shot,Goal AUC
0.51476182523335,0.6055276860033864,0.4606591698099874,0.6253610699808239,0.7305628182193478,0.609219257108859
0.5239783010756679,0.6150569599624617,0.47796436490199024,0.6091220234483093,0.7580844915370855,0.6100931398963388
0.5412359974515516,0.621873381307625,0.5067621882812293,0.5970580382066656,0.7617999174349801,0.6105638111852045
0.25569844185888274,0.33331105216311024,0.001996413522609825,0.9979367429667209,0.0,0.4832012744330283
